,Petrol Mean,Petrol Median,Petrol Mode,Petrol Std,Petrol Min,Petrol Max,Diesel Mean,Diesel Median,Diesel Mode,Diesel Std,Diesel Min,Diesel Max,Electric Mean,Electric Median,Electric Mode,Electric Std,Electric Min,Electric Max
NOx Emissions,1.0573151982990276,1.0699358380000001,0.103816235,0.5445775166728307,0.103816235,1.999739486,1.0309537486275222,1.014645297,0.100183104,0.5435469612729178,0.100183104,1.997362339,1.0465364816960594,1.05817996,0.101973319,0.55349782773189,0.101973319,1.999224758
