Model,Train Accuracy,Test Accuracy,Overall Accuracy,Macro F1,Very Unhealthy F1
Random Forest,0.8911428571428571,0.415,0.7483,0.2525382193312316,0.0
XGBoost,0.9921428571428571,0.4513333333333333,0.8299,0.24061294916972042,0.0
CatBoost,0.7862857142857143,0.34833333333333333,0.6549,0.24582505090163473,0.02857142857142857
LightGBM,0.9988571428571429,0.4103333333333333,0.8223,0.252873840123761,0.0
SVM,0.48428571428571426,0.31033333333333335,0.4321,0.23944719135497905,0.018691588785046728
