,Model,Train Accuracy,Test Accuracy,Overall Accuracy,Macro F1,Very Unhealthy F1
0,Random Forest,1.0,0.49466666666666664,0.8484,0.197276119290972,0.0
1,XGBoost,0.9044285714285715,0.47,0.7741,0.23466428176915266,0.0
2,CatBoost,0.6658571428571428,0.336,0.5669,0.2430689327558212,0.02247191011235955
3,LightGBM,0.8432857142857143,0.35633333333333334,0.6972,0.2553728297813029,0.04
4,SVM,0.3692857142857143,0.267,0.3386,0.2171220025109361,0.014010507880910683
